Basin,Sub_basin,Name,ISO_time,Nature,Latitude,Longitude,Wind(WMO),Pres(WMO),Center,Wind(WMO) Percentile,Pres(WMO) Percentile,Track_type,Latitude_for_mapping,Longitude_for_mapping,Current Basin,atcf_wrad34_rad1,atcf_wrad34_rad2,atcf_wrad34_rad3,atcf_wrad34_rad4,atcf_wrad50_rad1,atcf_wrad50_rad2,atcf_wrad50_rad3,atcf_wrad50_rad4,atcf_wrad64_rad1,atcf_wrad64_rad2,atcf_wrad64_rad3,atcf_wrad64_rad4
 NA, CS,MATTHEW,2016-09-28 12:00, TS,13.4,-59.8,50,1009,atcf,58.682,9.984,main,13.4,-59.8,NA,180,180,0,90,90,0,0,0,0,0,0,0
 NA, CS,MATTHEW,2016-09-28 18:00, TS,13.6,-61.2,50,1008,atcf,58.682,15.951,main,13.6,-61.2,NA,180,180,0,100,90,0,0,0,0,0,0,0
 NA, CS,MATTHEW,2016-09-29 0:00, TS,13.9,-62.6,55,1004,atcf,64.412,38.284,main,13.9,-62.6,NA,180,180,0,110,90,0,0,0,0,0,0,0
 NA, CS,MATTHEW,2016-09-29 6:00, TS,14,-64,55,1002,atcf,64.412,45.642,main,14,-64,NA,180,160,0,120,90,0,0,80,0,0,0,0
 NA, CS,MATTHEW,2016-09-29 12:00, TS,14.1,-65.5,60,995,atcf,69.835,63.38,main,14.1,-65.5,NA,180,140,50,130,90,0,0,70,0,0,0,0
 NA, CS,MATTHEW,2016-09-29 18:00, TS,14.2,-66.9,65,993,atcf,74.042,67.996,main,14.2,-66.9,NA,180,120,50,140,90,0,0,60,60,0,0,30
 NA, CS,MATTHEW,2016-09-30 0:00, TS,14.2,-68.1,70,987,atcf,78.944,75.141,main,14.2,-68.1,NA,170,120,50,150,90,0,0,60,50,0,0,30
 NA, CS,MATTHEW,2016-09-30 6:00, TS,14,-69.3,85,979,atcf,87.386,83.38,main,14,-69.3,NA,170,100,50,160,80,30,30,60,40,20,15,30
 NA, CS,MATTHEW,2016-09-30 12:00, TS,13.8,-70.4,100,968,atcf,92.94,90.116,main,13.8,-70.4,NA,170,90,50,170,80,30,30,80,30,20,15,30
 NA, CS,MATTHEW,2016-09-30 18:00, TS,13.5,-71.2,120,955,atcf,97.803,94.709,main,13.5,-71.2,NA,170,90,60,170,80,30,30,80,30,20,15,30
 NA, CS,MATTHEW,2016-10-01 0:00, TS,13.4,-71.9,145,942,atcf,99.8,97.777,main,13.4,-71.9,NA,170,90,60,170,80,30,30,70,30,20,15,40
 NA, CS,MATTHEW,2016-10-01 6:00, TS,13.4,-72.5,140,942,atcf,99.574,97.777,main,13.4,-72.5,NA,170,90,50,170,80,30,30,70,30,20,15,40
 NA, CS,MATTHEW,2016-10-01 12:00, TS,13.4,-73.1,135,944,atcf,99.376,97.507,main,13.4,-73.1,NA,170,90,60,170,70,40,30,70,25,20,15,25
 NA, CS,MATTHEW,2016-10-01 18:00, TS,13.4,-73.3,130,942,atcf,99.04,97.777,main,13.4,-73.3,NA,170,90,70,170,70,40,30,50,20,20,15,25
 NA, CS,MATTHEW,2016-10-02 0:00, TS,13.5,-73.5,130,940,atcf,99.04,98.106,main,13.5,-73.5,NA,170,90,70,160,70,40,30,50,25,20,20,25
 NA, CS,MATTHEW,2016-10-02 6:00, TS,13.7,-73.9,125,941,atcf,98.469,97.963,main,13.7,-73.9,NA,170,70,70,160,60,40,30,50,25,20,20,25
 NA, CS,MATTHEW,2016-10-02 12:00, TS,14,-74.3,130,947,atcf,99.04,96.925,main,14,-74.3,NA,170,80,70,150,60,40,30,50,25,20,15,25
 NA, CS,MATTHEW,2016-10-02 18:00, TS,14.2,-74.7,135,945,atcf,99.376,97.271,main,14.2,-74.7,NA,170,90,70,140,60,40,30,50,25,20,15,25
 NA, CS,MATTHEW,2016-10-03 0:00, TS,14.5,-75,130,944,atcf,99.04,97.507,main,14.5,-75,NA,170,100,80,130,60,50,30,50,30,20,20,25
 NA, CS,MATTHEW,2016-10-03 6:00, TS,14.9,-75,125,942,atcf,98.469,97.777,main,14.9,-75,NA,170,110,80,130,60,50,40,50,30,25,20,25
 NA, CS,MATTHEW,2016-10-03 12:00, TS,15.4,-75,125,941,atcf,98.469,97.963,main,15.4,-75,NA,170,120,80,120,60,50,40,50,30,25,20,25
 NA, CS,MATTHEW,2016-10-03 18:00, TS,15.9,-74.9,125,938,atcf,98.469,98.363,main,15.9,-74.9,NA,170,130,90,120,70,50,50,50,35,30,30,30
 NA, CS,MATTHEW,2016-10-04 0:00, TS,16.6,-74.6,130,934,atcf,99.04,98.898,main,16.6,-74.6,NA,170,140,90,110,70,60,50,50,35,30,30,30
 NA, CS,MATTHEW,2016-10-04 6:00, TS,17.5,-74.4,130,934,atcf,99.04,98.898,main,17.5,-74.4,NA,170,150,90,100,70,60,50,60,35,35,30,30
 NA, NA,MATTHEW,2016-10-04 12:00, TS,18.4,-74.3,125,937,atcf,98.469,98.463,main,18.4,-74.3,NA,170,150,90,100,70,60,50,60,35,40,30,30
 NA, CS,MATTHEW,2016-10-04 18:00, TS,19.3,-74.3,120,947,atcf,97.803,96.925,main,19.3,-74.3,NA,160,150,90,100,70,60,50,60,40,40,40,40
 NA, CS,MATTHEW,2016-10-05 0:00, TS,20.1,-74.3,115,949,atcf,96.564,96.286,main,20.1,-74.3,NA,160,150,90,100,70,60,50,60,40,40,40,40
 NA, NA,MATTHEW,2016-10-05 6:00, TS,20.7,-74.4,110,960,atcf,95.559,92.985,main,20.7,-74.4,NA,160,140,90,90,70,60,50,60,40,35,35,40
 NA, NA,MATTHEW,2016-10-05 12:00, TS,21.4,-74.8,105,962,atcf,94.649,92.369,main,21.4,-74.8,NA,160,140,80,90,70,60,50,60,40,30,30,40
 NA, NA,MATTHEW,2016-10-05 18:00, TS,22.2,-75.4,105,963,atcf,94.649,92.14,main,22.2,-75.4,NA,160,140,70,90,70,60,40,60,40,30,30,40
 NA, NA,MATTHEW,2016-10-06 0:00, TS,23,-76,105,960,atcf,94.649,92.985,main,23,-76,NA,160,140,70,90,70,60,40,60,40,30,30,40
 NA, NA,MATTHEW,2016-10-06 6:00, TS,23.8,-76.7,110,952,atcf,95.559,95.467,main,23.8,-76.7,NA,160,140,70,90,70,60,40,60,40,30,30,40
 NA, NA,MATTHEW,2016-10-06 12:00, TS,24.7,-77.5,120,937,atcf,97.803,98.463,main,24.7,-77.5,NA,160,140,70,100,70,60,40,60,40,40,30,40
 NA, NA,MATTHEW,2016-10-06 18:00, TS,25.7,-78.3,120,937,atcf,97.803,98.463,main,25.7,-78.3,NA,160,140,80,110,70,60,40,60,50,40,30,40
 NA, NA,MATTHEW,2016-10-07 0:00, TS,26.7,-79,115,937,atcf,96.564,98.463,main,26.7,-79,NA,170,150,80,120,70,70,50,60,50,40,30,40
 NA, NA,MATTHEW,2016-10-07 6:00, TS,27.7,-79.7,110,939,atcf,95.559,98.26,main,27.7,-79.7,NA,170,150,80,120,70,70,50,60,50,40,30,40
 NA, NA,MATTHEW,2016-10-07 12:00, TS,28.9,-80.3,105,944,atcf,94.649,97.507,main,28.9,-80.3,NA,170,150,80,120,80,70,60,60,50,40,35,40
 NA, NA,MATTHEW,2016-10-07 18:00, TS,29.7,-80.7,100,946,atcf,92.94,97.071,main,29.7,-80.7,NA,170,150,80,120,80,70,60,60,50,40,35,40
 NA, NA,MATTHEW,2016-10-08 0:00, TS,30.7,-80.6,95,949,atcf,91.67,96.286,main,30.7,-80.6,NA,180,150,80,120,80,70,50,50,50,50,30,35
 NA, NA,MATTHEW,2016-10-08 6:00, TS,31.6,-80.6,85,953,atcf,87.386,95.281,main,31.6,-80.6,NA,180,160,90,130,80,70,50,40,40,40,25,30
 NA, NA,MATTHEW,2016-10-08 12:00, TS,32.5,-79.9,80,963,atcf,85.15,92.14,main,32.5,-79.9,NA,190,160,90,140,70,70,60,30,30,25,20,0
 NA, NA,MATTHEW,2016-10-08 18:00, TS,33.5,-79,70,973,atcf,78.944,87.168,main,33.5,-79,NA,190,170,100,150,60,80,30,20,25,25,25,0
 NA, NA,MATTHEW,2016-10-09 0:00, TS,33.9,-77.3,70,981,atcf,78.944,81.437,main,33.9,-77.3,NA,190,170,120,160,70,80,90,60,0,0,40,0
 NA, NA,MATTHEW,2016-10-09 6:00, TS,34.7,-76,70,983,atcf,78.944,79.919,main,34.7,-76,NA,200,170,150,170,60,80,110,60,0,0,50,0
 NA, NA,MATTHEW,2016-10-09 12:00, ET,35,-74.5,65,984,atcf,74.042,78.971,main,35,-74.5,NA,200,180,180,190,50,60,90,90,0,0,50,0
 NA, NA,MATTHEW,2016-10-09 18:00, ET,35.2,-72.8,60,987,atcf,69.835,75.141,main,35.2,-72.8,NA,210,180,180,210,60,60,100,120,0,0,0,0
 NA, NA,MATTHEW,2016-10-10 0:00, ET,35.3,-71.1,55,990,atcf,64.412,71.294,main,35.3,-71.1,NA,210,180,180,210,70,70,100,120,0,0,0,0
